task_id,coding_result,receipt_created,receipt_verified,tamper_test_detected,receipt_id,receipt_hash
HumanEval/0,failed,True,True,True,tc-humaneval-000-df7848918608ee85,f7fe0bb9393ebb6c734c4b3236f6f3f5aad479a2af787c2db9aedf7b86e57b7d
HumanEval/1,passed,True,True,True,tc-humaneval-001-01b0cd56aee6cc0f,66c0194787447496e2ccaf6b2a9f2b12d44be7ba21c9b4012567712c9d9c3052
HumanEval/2,passed,True,True,True,tc-humaneval-002-3918ee5b9455ff08,1b4497ed1a4ae90db2f39e5e77d039baf4bc977ca7ee1cef8c19fb16c0e071a9
HumanEval/3,passed,True,True,True,tc-humaneval-003-8ca312b75d536f1a,acbc26bb6d632f87681daa935efc03c964db2afbac9baa5b7b690f0687b1fe06
HumanEval/4,passed,True,True,True,tc-humaneval-004-7aa64238dfc3f17a,4bedb034d8c3c73bffad71be69e0f372238afdba229fb713e8bae38f9f2a3382
HumanEval/5,passed,True,True,True,tc-humaneval-005-087c568baf713a69,703f7b4bb0f9df9fcb0592162722a9a723b3e9df4536850636905b03442a8850
HumanEval/6,passed,True,True,True,tc-humaneval-006-592a13ae01da875b,d940a3471b57f192790af28c252d59182266a46b070e42862ce4bcab25f2ef78
HumanEval/7,passed,True,True,True,tc-humaneval-007-32e2e73e557b4caa,7bcaefc04c8daab41764d3170c3704255372865c3e735e07dffd57e1fd0c5ce5
HumanEval/8,passed,True,True,True,tc-humaneval-008-fb58383b61dfdc57,b8c372afb3af6a736f310730ba3d09bafe0c8f0a4d62b1fb5f3e463f8e324f71
HumanEval/9,passed,True,True,True,tc-humaneval-009-d2c2435ee500962e,aec299d06dce21baa19ea4a6726f32c8242bd5ea76efbfa29467a17cf8fea836
HumanEval/10,passed,True,True,True,tc-humaneval-010-581948796846ebc0,31005a817d2f4dbcea5e9bcea0244305911399b0bfbf7ca2288c6988d1a01fb2
HumanEval/11,failed,True,True,True,tc-humaneval-011-403db7cace328e8f,71726d570ef8468ddbb022180b3c7495c4145ebb6425a284caf56f65edf3d809
HumanEval/12,passed,True,True,True,tc-humaneval-012-16c596d53442a08f,65f96004f9d0041c0bdbad87ae92d75a7557b4fb2cc6e3ae07140271f730f01d
HumanEval/13,passed,True,True,True,tc-humaneval-013-4b4a12667d5a658f,84cba12f8a2ad8773cbd19cdae8ec59b8e15566fb68aa77ed4592b5455594aad
HumanEval/14,passed,True,True,True,tc-humaneval-014-9ec6c1c8d8d216c4,ece7318d3e9170f483a2e9e2a46cfe84abc7a20affc7c7b5952b50da4043845a
HumanEval/15,passed,True,True,True,tc-humaneval-015-6cbfcbfb87f11386,fa0b04a9084977a0ce9aa15f0e039c563c1ac0d2a2aff61c709a67e38861f0a7
HumanEval/16,passed,True,True,True,tc-humaneval-016-09ad9fb490564c47,5569c23d6f77e899e350b3cc94e4aa2a8b9e5cc3c1b5df286867bd9a0b8fc074
HumanEval/17,failed,True,True,True,tc-humaneval-017-eaaf368ec5422ed2,9446befdf6883cd833dd5c8cd72ca0f533bd1a991e5eea4a336ca08bca1a418c
HumanEval/18,failed,True,True,True,tc-humaneval-018-ab145c9b68e80bd3,2e6bb5b455ae2e9369b06137caa7eadfc8f14bebbc9d3c70d014b05ca53678d0
HumanEval/19,passed,True,True,True,tc-humaneval-019-dd79b10bf507cbc9,178deaf76fcbf09ec201d4cd7797ea4b53a6afdf1758aff2caade57e8dfc4a15
HumanEval/20,passed,True,True,True,tc-humaneval-020-52ae5bcdcd2f8cf6,21bf4dcf1fe3fc998916aade0b0cfadc46e66565947002a5d1fcfffc0117abae
HumanEval/21,passed,True,True,True,tc-humaneval-021-f1b47ca67b1e72fb,aabc2bdb4af1e82227bb868e9bbce059f1da8f3454ca799a50df232753ae6cca
HumanEval/22,passed,True,True,True,tc-humaneval-022-f687bfba4a7815dc,ba154bec1ab14d561118ab0a0d72ac0f640c53d9cf4c87488741f27a56876fdd
HumanEval/23,passed,True,True,True,tc-humaneval-023-0f40d922975c9470,9813fae6c7dd624486dbd2878258649ba19345ee8a628a17a6f4d9fc448af755
HumanEval/24,passed,True,True,True,tc-humaneval-024-8853942b0246ed18,907e4a583cb4876665152c843e0c1ad5a0dcbe0e54ca10af7d9404dd1d454bc3
HumanEval/25,passed,True,True,True,tc-humaneval-025-09ba4caa6b434493,d10a85db07a613f48be7485bdff2d379f9c5f647faa3237b8befc2ba1845f9cc
HumanEval/26,passed,True,True,True,tc-humaneval-026-26ee87c5d099183d,4d6e92f0dab7b527b1bdb0c52a3a5fe168cdb15907ae3c432f7a55bf12db2721
HumanEval/27,passed,True,True,True,tc-humaneval-027-45dd3c6f9840cfef,cbacd36ba86e3957182480b6505f2b84c28b5c9c89d58f1dfe848107801e2391
HumanEval/28,passed,True,True,True,tc-humaneval-028-19ce20c135414b21,be664c3839ad6c45d89c328c479d56b50017605822c9866d812dbb6e0653c577
HumanEval/29,passed,True,True,True,tc-humaneval-029-781ea6968ba9d646,da46b6fdce073bd7876a50cbf3e9c66c2467c9e352fb72fcf5689e4e6d558d74
HumanEval/30,failed,True,True,True,tc-humaneval-030-35833be4b9455b5a,920659a6c6014152b61f46a2faa100ca31cad0aef513ff572ec1b1bb50005a38
HumanEval/31,passed,True,True,True,tc-humaneval-031-46e062368bcb38c1,648ce6c9c982155fc36adf37c66dd9b788bd711b7f57be19d7982eeb115fddc8
HumanEval/32,passed,True,True,True,tc-humaneval-032-80fbed732dd38866,17c01de31b52e499ac368ee4e98c3d758ee6b70b5e51b60842e589cd562824ef
HumanEval/33,passed,True,True,True,tc-humaneval-033-701ce27472d166cb,54ada963ba385e360c68edbde63daac1c6e43d1de1cd4f078b688d981bc97706
HumanEval/34,passed,True,True,True,tc-humaneval-034-f63f1385f8dd53ee,8ecc071d9a08e2396e741c08124c7995ffbcd841da5e5a3824fea418c5dc8535
HumanEval/35,passed,True,True,True,tc-humaneval-035-5d790f8fa49fba65,c586fae2532a7fa37d5cc7a55b00fa38e0a33e012f5165a3d4a57c6bae11759c
HumanEval/36,passed,True,True,True,tc-humaneval-036-b2c4cbaac015ed88,3d0b736bd6e2f737a0ecbae01212b892e0038add18813ddbcb86e805776c203b
HumanEval/37,passed,True,True,True,tc-humaneval-037-5d4022b0b9cbcf48,74b07aa51a809918d2afc8ef74ee46326c04e4832984eb39f0ecb57b37b50803
HumanEval/38,passed,True,True,True,tc-humaneval-038-4598ccdbf4fdb590,0705a6447e01c469a45ed3bf5f8f2c54bbea3ef4b53c84576326542c038b43bc
HumanEval/39,passed,True,True,True,tc-humaneval-039-31ffccf27b779c40,4f9829bd26521fa9b062c07da5e83d9119335eb48aaffc6163e77802935054c4
HumanEval/40,passed,True,True,True,tc-humaneval-040-a93351709bd0ece9,170722b50dd2da663ccc49848744304c335f4d3d82005a4cfad2f38b77b39e2f
HumanEval/41,passed,True,True,True,tc-humaneval-041-7a26a78184629bfd,4e9e6e9e53717074fafa2624f23d175ae55b36a7f78786e36b4e84c9cb1e7caa
HumanEval/42,failed,True,True,True,tc-humaneval-042-51b2e1ba8eab77d1,b3e2cad4836cc8b1c799fda0ed497d9ad47d775c6c6cf502a45ca5e9ef974b85
HumanEval/43,passed,True,True,True,tc-humaneval-043-272e37ebdc0cefa3,c3ef65a07df4442e8670d29116d2ed78975094723b2126acd8b23b23563c781f
HumanEval/44,passed,True,True,True,tc-humaneval-044-2f1911f7d5c016c3,3afe418b73f91f935655cbcd7e25fb30731fc4e3628bd0b7fe7f0c56582d5e0e
HumanEval/45,passed,True,True,True,tc-humaneval-045-a28920326a4d865d,5ab0eba7ffe64a9ebed4f0c3d6fb68781cf0f506242dbd1a0b320741ac67c688
HumanEval/46,passed,True,True,True,tc-humaneval-046-b5029d90e45b3927,bf955bc0f2bf15fa968292e717ae2ec3c59a4b50b72d959bd40b35a12e676124
HumanEval/47,passed,True,True,True,tc-humaneval-047-aa6ff7a132321041,6bc0ce8be36ab73d8f44af5397a1419dac92d631589d1729f7ab09e39a53b909
HumanEval/48,passed,True,True,True,tc-humaneval-048-e1729f42d425fb8d,52a426d531bb05f82d00f97b779e70b79f586bb61c6d5eaf480841dd91f1e88d
HumanEval/49,passed,True,True,True,tc-humaneval-049-24723c1c999e381e,6ddd869fe97ff540dfec41b5cdf7c972cd94536feb55da1019ef6eea430fe8a1
HumanEval/50,passed,True,True,True,tc-humaneval-050-2074c86a2fce50b6,871dee59432fbf8ef2c4b7453ec497847cbfcabded597256aa76ec061a581bdd
HumanEval/51,passed,True,True,True,tc-humaneval-051-d0b61835c09aaae7,b7c6044acbca3e199c5295b93a24e97a4b1f30aeee7cad18555ee363996363e5
HumanEval/52,passed,True,True,True,tc-humaneval-052-90dd53d295309644,eaec431bcd0dada96c5696def1b7c51cf32228a2aa93b770c334e0a4222a9606
HumanEval/53,passed,True,True,True,tc-humaneval-053-b1605152857c8f0d,e27dadb2b7336efedb0d20e536d59c33ae3e4c7db64886f3bef6687e3d6e538c
HumanEval/54,passed,True,True,True,tc-humaneval-054-372cdae6bf5216d9,897ab27002ed3519eab447e5268defbdefb4a2c983af896cb0e5a329d440d479
HumanEval/55,passed,True,True,True,tc-humaneval-055-04b0a63dab7723a2,1efd880d6141d0ecc7d0ae6d71e2efa42494497c281cfc1e77d2a2b814b93193
HumanEval/56,passed,True,True,True,tc-humaneval-056-ad36380b739bef42,a68f77267464332d288076a0eed80df730e72a3b0da16fd809a5fce466717e40
HumanEval/57,passed,True,True,True,tc-humaneval-057-eb5044c34ffd839d,a0c8cfb10bf05fb1171e6e40543d5d97708fe069db0968b874b96861cb4d88bd
HumanEval/58,passed,True,True,True,tc-humaneval-058-8a251c6d5ceb490a,d368b656ba8c45ba999eafcac11fa9079c15642691d7d46568607c5d5de0e5e0
HumanEval/59,passed,True,True,True,tc-humaneval-059-6f5b9a774f3e3351,736b5860f777e08ac59ac91ac289b5773deb5f7f7c5136cb81391ab38ff01dba
HumanEval/60,passed,True,True,True,tc-humaneval-060-28ab809544d0a715,76e157bb3b371ce31a1733a6512bd692f7a31af8276e38ad4ad79fac265cce2a
HumanEval/61,failed,True,True,True,tc-humaneval-061-bc9747dcc0eb0bfb,de7143e3fef3e3195a059082328985b7b1d9303e001c31c7b012cc2634f737bb
HumanEval/62,passed,True,True,True,tc-humaneval-062-7f590632f99331f6,c8007a718ec42cb4d61930a0df4a570535a99304cfa8107d2e618e54afa8a8ce
HumanEval/63,passed,True,True,True,tc-humaneval-063-d68aec52f9c81685,f30d054d840bbf461468f805379e498760cf1e50e670f830f781742f1834f640
HumanEval/64,passed,True,True,True,tc-humaneval-064-83984c286a74f363,f1e4c0de6e6f6b905b18ff72baefeb6bd15bbbd8c7ab499ea1cbf0545e406ff3
HumanEval/65,passed,True,True,True,tc-humaneval-065-c35b637997f40209,42ef83ab2da211c40b73e3c62b9d8e12f474ee9b4db007934a12cab82c0595b4
HumanEval/66,failed,True,True,True,tc-humaneval-066-82247ab5bcbb7a85,234bf2d129a626d9abe2065074317e78ffbf47a11214144a38c125042c3a69c3
HumanEval/67,passed,True,True,True,tc-humaneval-067-7d6ee03b30c2f046,e9536c08b2857244ade3f10b5e09a215f236912f728e8a9ff2397fd278b86c7c
HumanEval/68,passed,True,True,True,tc-humaneval-068-09bdfae58fbf55f6,24ff32fe761deb0578e505c12d96ee4687321a8c64657ce908d1af274a68f22e
HumanEval/69,passed,True,True,True,tc-humaneval-069-d6053caef19b2a50,59eba15097ee74e5f9a712f16f2e0b7e4253e0e736f2a6d856689c1516738fcd
HumanEval/70,passed,True,True,True,tc-humaneval-070-bdeee8660ea4a0df,192958c7c0c7305ae83c3eb17d611a791db7ae3bcc16c9a96610114179b78926
HumanEval/71,passed,True,True,True,tc-humaneval-071-c00d40b34d46ef37,69240c8e23545abd74c350cf6dbcd307caab59b1febf48b2af4e12a716b3a961
HumanEval/72,passed,True,True,True,tc-humaneval-072-53db23a821744b4c,784498e3a2868a632a883e91550286546ad11a7f1eea539ea40b8248842acb87
HumanEval/73,passed,True,True,True,tc-humaneval-073-632fb481f82cf228,e90ffd52171d015d565c4596465a7829b7ce44955f4386e2bd96dcb6dd6ee46a
HumanEval/74,passed,True,True,True,tc-humaneval-074-5024852f45bf058d,a43e8c7796411b612832366736a0197d07acecacdb70d16d311fe7d5726c3360
HumanEval/75,passed,True,True,True,tc-humaneval-075-afe59bcd783b20b8,20634fa8b264885e7419406cdbf3009dc59ad594101aaab6138ac176784654d0
HumanEval/76,passed,True,True,True,tc-humaneval-076-20def918aefec144,c25c5eddcdf00fe02406c388b6e7e67b39c604b592b704759e04821ff4c27772
HumanEval/77,passed,True,True,True,tc-humaneval-077-0128812ee0f5d1b7,fc51f266254f8baad680fd4aa850db68446d3033e9f87dad5c70c7b0c805d422
HumanEval/78,passed,True,True,True,tc-humaneval-078-be77f1c31585755e,ec72d43ad316f3d70578527582e63682e20ad5a0eb34e2300b3727885bbdd062
HumanEval/79,passed,True,True,True,tc-humaneval-079-b2da4cac59b445cc,5bd95024e0b7fd39392fdcd674ef90f00ceeea3e983706a8ba529700975074b6
HumanEval/80,passed,True,True,True,tc-humaneval-080-b75e6a500b576fed,c56dc4c247b46ac03acfdfc8ea3fb1bf48c6af8903d1f2c184231117a5478e08
HumanEval/81,passed,True,True,True,tc-humaneval-081-a4c551dc9dabd93d,e265652e38abce99531b796993864b981f10a4f045f0662309bb0a02642ac2a1
HumanEval/82,passed,True,True,True,tc-humaneval-082-e7d2cada7db103e5,07b5e2d63ee87fe14f3e9b90ed16ca8739bba77872b23d52c437f8129fb8ebc6
HumanEval/83,passed,True,True,True,tc-humaneval-083-4e73bfc0228d596a,829d89189819b03dc06f360fba4382aad55b2291d9c36968b5655984b575e76b
HumanEval/84,passed,True,True,True,tc-humaneval-084-b7914b5b52b058b6,42d9859634c1f6958e4adc4448b339567fde391e281aa9b4922703b79290901a
HumanEval/85,passed,True,True,True,tc-humaneval-085-92f72ee563452fcd,82d33ad7f0d25184dfa544566c644df7516797a30e32e4683599fb17c6cd9e50
HumanEval/86,passed,True,True,True,tc-humaneval-086-4a21958aacdedae2,e14e16fac27d35fdb272db46fff9bee6955d3437590169024f3034df2cb3f606
HumanEval/87,passed,True,True,True,tc-humaneval-087-106a20dfb549a1ed,72bdc79f738b395eddab1d5c05ddd333773d08f37cf0a89ac4acea63f174d43b
HumanEval/88,failed,True,True,True,tc-humaneval-088-a5faebef5a435098,16b08e58e0f23b328f04bc7f9faa9c155cd4fcf044bab189a2d8bc7e2e12a9ad
HumanEval/89,passed,True,True,True,tc-humaneval-089-95adc9f9bcc047c4,befa6504f75df89cff5dbc3225638b8f90402699ac364eaf909cc8de905911aa
HumanEval/90,passed,True,True,True,tc-humaneval-090-cff902c7126bc5df,30d7eae3c127167f1e4d6bbf39da2ab9e649efc53105151f385ff7dddecd7af3
HumanEval/91,passed,True,True,True,tc-humaneval-091-9948c99dd4c44f7b,e8942627daa8e4c1944de18caaad869a75b16d86e7259705f9f7ec7a248dd9d0
HumanEval/92,passed,True,True,True,tc-humaneval-092-cfc89cc871979c6e,ccc3c5ea3cb31b506ae85e40e64670493fdeddc36e8282fe1c3cf54fd5d9197f
HumanEval/93,passed,True,True,True,tc-humaneval-093-41b15413879afd03,75408f22a6998bdf314930bec390a1e99c0e3c1b5ed8ad8d8ad25bf4e2b06806
HumanEval/94,passed,True,True,True,tc-humaneval-094-5608167bcfa87a4f,f431a2e54eb91b98cc10c9416a0a9b4e6bed44220a73a0a57b17628e9742ac7a
HumanEval/95,passed,True,True,True,tc-humaneval-095-6f818243f245fb99,e1f84cca36edae6cc4e6f6662625e876887ca6935a88f1b920ae7b9874f4480a
HumanEval/96,passed,True,True,True,tc-humaneval-096-116cf7cafe8c6a67,bc88d276f49b7ae539a53a123a3b8d886e0bb5765befc79d266d564902b03e1b
HumanEval/97,passed,True,True,True,tc-humaneval-097-8f2a35128096cfef,34b75937b36d938681eed23463f52af35e542eec19eabeed4ea1efd9fe66d9f9
HumanEval/98,passed,True,True,True,tc-humaneval-098-098bf7999856c6cd,f5ac80d0d7bfa47be19ef7745823d36e058260916cf10b2aab99ce4a408ce1e0
HumanEval/99,passed,True,True,True,tc-humaneval-099-b60eface10681284,d01073102a1d672ff8b5537a8f43175f16643a648503180f113a574e3260fec0
HumanEval/100,passed,True,True,True,tc-humaneval-100-86bdae858904b5ec,1b7c06b3cc1d3c182dcaddf31206cb289267413cf2482ce055a1d86205f64ae7
HumanEval/101,passed,True,True,True,tc-humaneval-101-91cb90f3f30d3a11,96b6274a85bb761964501e7501f511dd5d7bd176de45f35e1abbe62a2cdf8f23
HumanEval/102,passed,True,True,True,tc-humaneval-102-b780838a13fe41bd,8bf152382751ed6df94a5b98d8658c459b2bc7154685adf8857077c790fdfb6b
HumanEval/103,passed,True,True,True,tc-humaneval-103-0cfc8b773244dde0,dca30e867cef8b65168ddd0883453a010c03fb015975eb14cda28e8b8cc0e112
HumanEval/104,failed,True,True,True,tc-humaneval-104-19bde45f72c8696a,55d0fe6e945e81428164e8e0988a9a91bca5060e2f85687c84363e74f3a6d0f3
HumanEval/105,failed,True,True,True,tc-humaneval-105-d2bc3fba56088427,fc7662fe67e1674f07a5f943e3fb12f9ac6f810891b19c7f868148dc464fb803
HumanEval/106,passed,True,True,True,tc-humaneval-106-404e03fad8bc34a1,65293fbe507ce18a4a673962bcbfe623c8d91879493762228eaf4cdc88ec2770
HumanEval/107,passed,True,True,True,tc-humaneval-107-2f6bacb2f6eaf127,6a949e364ceef3940f313a01be9c95656559ea83fb02f396123341f62e5b9b0d
HumanEval/108,passed,True,True,True,tc-humaneval-108-e31391ff52842d91,2b1155c0f124e38a3e56f7d5dcbe7cb4841198b1370aba149fcba70a1acf24db
HumanEval/109,passed,True,True,True,tc-humaneval-109-8474da3156efbadb,24b840cab46c7ae994f9a319925d4fcfebc835110336352e09c6fd44c8e0f229
HumanEval/110,passed,True,True,True,tc-humaneval-110-4fce26eae89af54b,c17fde1b0ac02a6a2c83a31aafcbf615dde64b000aee224761a371a58281af26
HumanEval/111,passed,True,True,True,tc-humaneval-111-6f8d89b54de5b153,5151e889b25b66dbf53c940114311ea8155acbbb2e7cb722444744d1abe95be7
HumanEval/112,passed,True,True,True,tc-humaneval-112-885a317e96783acb,4777eb2367fb9be073a29c98fc8de0b1393360bf0fb46e4466d14b0e19cab522
HumanEval/113,passed,True,True,True,tc-humaneval-113-fe53268080c62d14,2cfdeec5115f23bc5744182f0cd23cb6475e0841e78c0ad751df02c177959fe9
HumanEval/114,passed,True,True,True,tc-humaneval-114-77dc5040e88d49f6,84001b04ad33054f0b848021ca0ac617a9cd3c66d59c6b799bfd1c0be45d2d66
HumanEval/115,passed,True,True,True,tc-humaneval-115-c3d6bebc7dc30655,df6e6d7b612300c7c342652f37b761dceb94d8aeb191a236036ffb5f16fd06be
HumanEval/116,passed,True,True,True,tc-humaneval-116-b63bffeed7613610,5709357e61ff0610a9869092d427bfcbc2edf7b8e3a777818b384b23a88b9b21
HumanEval/117,passed,True,True,True,tc-humaneval-117-b0f6d0ef5cc13c69,c805c52478a4c4439eb9c047cf76ef7c0fa018ea74d73db0dfd141cc2e1b720e
HumanEval/118,passed,True,True,True,tc-humaneval-118-c98de449705ac9cd,41a6be3c38ce7e631cfdb0bd41ce1fc5f848ab1b51eea9ffd432c466130077f7
HumanEval/119,passed,True,True,True,tc-humaneval-119-dd7fad5fed53444d,2688b4409b40294eac024303e1fb51ddecccd69ae92962071b3581c87d4a5f74
HumanEval/120,passed,True,True,True,tc-humaneval-120-71a4867a3d459329,9670b4c1b518b40b50834017b3d8bd2b1134d08c72315cc0dc8c8096a8ae72a0
HumanEval/121,failed,True,True,True,tc-humaneval-121-3250ba8818523856,07c1b8d3c94bd0ac2ba25d64507145ada6bcb91d66f00e6648a43be2437de8b3
HumanEval/122,passed,True,True,True,tc-humaneval-122-fd2bcabdf65dc1d0,40da7578afd8cfb5813f871e9a0b5306ad7d2c31ba12fb4221daf0122cf655fe
HumanEval/123,passed,True,True,True,tc-humaneval-123-22971df68b7b5249,1bf1d43591d9b400657597753ae79c3dd514b8838adf3a2c246a5d7d22bd1254
HumanEval/124,failed,True,True,True,tc-humaneval-124-095bf69282f4c77c,a2dd47012a94f353669a5a1673692f6ff241c6eaa170b0105f92e412b182043e
HumanEval/125,passed,True,True,True,tc-humaneval-125-accf8dca20b18b17,cf4f8d5cba95c81e3d24c17b81d12dac118cfa129a4678bbb0a6f9a583002985
HumanEval/126,passed,True,True,True,tc-humaneval-126-38ee31fd6a78ce22,1c9983d331f0502b52266bc2b6c4e594c4f3b5363e8447b648fc6feca59763bf
HumanEval/127,failed,True,True,True,tc-humaneval-127-7e77a57f2c281963,d3bb1016abfb21ad86683a93752e7d3e529e91ab0a54440cdc439e87019357fe
HumanEval/128,passed,True,True,True,tc-humaneval-128-cb4bb731f7397dc4,458a42412ec856c818d4d2c44c66469347866bbc7209fc72695003253ffd0714
HumanEval/129,passed,True,True,True,tc-humaneval-129-3b7c96bd1ec088e3,9a231e0befb5f62c638b258794b8bad18a30eace07bbc08dd1a558c05c7956cb
HumanEval/130,failed,True,True,True,tc-humaneval-130-a9d3c0b1f1c1862a,875a3687b7520f84a311354e06658375e16290e8e6fa611bb0b563ab2765c9f0
HumanEval/131,passed,True,True,True,tc-humaneval-131-13e390a2a3f01ec6,698223903fc3d347b15dec50e17280f4a52efd4cb2368d98c9ef284525af6d2b
HumanEval/132,passed,True,True,True,tc-humaneval-132-dc294c6b21a15e07,4d744d373c610e34954db4b09deb7258529b7de37246c4c67f6c80035334ae6e
HumanEval/133,passed,True,True,True,tc-humaneval-133-fde43ce218385658,77662125c777ae85110c29de9355f9152017e5916e8a05dd63c027032d0879cd
HumanEval/134,passed,True,True,True,tc-humaneval-134-2d7bbd12f7b4e8a9,f7aa10d23a35073317874219da76163d3ecdc24eb5b7dff888a549222358d7b2
HumanEval/135,passed,True,True,True,tc-humaneval-135-85568e532105b21f,974412fa08db06f6eaad0ef81d745a34d1398e7e53fc0f5c64f47034e1b9cf12
HumanEval/136,passed,True,True,True,tc-humaneval-136-e42d74a69f079252,edd585bc1f8835b549759180669d3b933fe608a78813dd2517003381e2309d3c
HumanEval/137,failed,True,True,True,tc-humaneval-137-740af89997d6f12c,a52bacf18ca3db0d9190c1e10c2adc056ad64387c138bdd0634393b17b10cc41
HumanEval/138,passed,True,True,True,tc-humaneval-138-a1bc1d6cc6b8506c,ceef3ff6f77606e305f5afd241fbdc30c98c1e6be9778e7999a7525e7c70602c
HumanEval/139,passed,True,True,True,tc-humaneval-139-995476803d817d52,054cb07f7adfe2f5ad2e427c69a8349c8744f111b5795a4d4d29a0c86547cba9
HumanEval/140,passed,True,True,True,tc-humaneval-140-a854089876a8baff,022bfe40a780775b1dcaab1f44f562cb31216fd7e059917c730e031e2274cda5
HumanEval/141,passed,True,True,True,tc-humaneval-141-0e5bbf7bd1b6550a,2a648c67afbf3ae1edbaf0703ffa32e9c57745097c9727e22b423eb971cceb4f
HumanEval/142,passed,True,True,True,tc-humaneval-142-06894bcfdcd8a36e,179a6687f0a8382f0489bbe8147c36034daa671173a0b8f68415dcb8f7eeadbf
HumanEval/143,passed,True,True,True,tc-humaneval-143-7deacbf2e8b89031,053eacf983737b9f16127886eb4bb63d9a25b14716c833e86e7f961954f91e0d
HumanEval/144,passed,True,True,True,tc-humaneval-144-1a4a1136b578f9ff,7071d5e4b5a569566c1d2c023ad5a2d5ed0f17ff09a5b78000b9a8801215f4d6
HumanEval/145,failed,True,True,True,tc-humaneval-145-1e63e3d41ed48890,c30f806a5103740de9f25184b14d4ce0dd0dcb35aad5f6559c35bcb0470e19d5
HumanEval/146,passed,True,True,True,tc-humaneval-146-996217d963f5c9ff,5ddee71582af0f2443321a71bdd8152f818d2b61997747313977e09afbe05852
HumanEval/147,passed,True,True,True,tc-humaneval-147-dc04ebffa93af11a,49f7bb9b3c2e571bc439342d7ca591e95bdea1bd11d174ba7bbb1edadd2efbbd
HumanEval/148,passed,True,True,True,tc-humaneval-148-8c58596af393d436,88b70e2c2222c3a05191e4f4525de8bfee7927615ac810ec9bfb289b75f2671a
HumanEval/149,passed,True,True,True,tc-humaneval-149-ce1befdfd21308a8,15cae932ae28e354a6e5c6ba94b22eb5668914da966e1c38bda30400431746fa
HumanEval/150,passed,True,True,True,tc-humaneval-150-0135bbfe962780e1,c501c4abdbbc3a5e71ec274fb244b00b4df6d0e4e4c57b4c8cded771fc966efd
HumanEval/151,passed,True,True,True,tc-humaneval-151-c65e3c3cffceb7bf,709b24ff821a17e38189a578a7d05e13364c0ecba829a0f5fe369924a006b32f
HumanEval/152,passed,True,True,True,tc-humaneval-152-aca04e0160aaf2b1,3c25d9845f3c88c5cf84fe5387db0ba401887fcf93f3378d7cae3d7a3f433337
HumanEval/153,passed,True,True,True,tc-humaneval-153-3d432a452a2c5be3,b3799fc11379b1667f0d1651b4791e46ce1011a24c4f2c93c4e48581dfe41bdc
HumanEval/154,failed,True,True,True,tc-humaneval-154-11c40feb8dc7bc7d,53065be513f84ff80f019c321af96700dd4f551ba112cbb0cde8eab7612a9f4c
HumanEval/155,passed,True,True,True,tc-humaneval-155-141f81966e967a66,55f9e1156b2503d27944a3e49f1d9b410c75afd914adfe62d5df5a0989407a59
HumanEval/156,passed,True,True,True,tc-humaneval-156-154f8d8b3b5350fc,a45b154bc6b4da33475bc852a9c848cc5b943f065d61bc0e480f28d4faaa1a9d
HumanEval/157,passed,True,True,True,tc-humaneval-157-513b9efa3738c962,f22be24e20025186f2dfb5c6cbfd781bee2143be4422aa2cba74dfe684945004
HumanEval/158,passed,True,True,True,tc-humaneval-158-c31626a7c87af2f8,5a95b8d3ec881424358ad23a4a713b0f4964a7c52a9d986670c635f682f66d1f
HumanEval/159,passed,True,True,True,tc-humaneval-159-83b887183bec6e9d,e93129510c9cfe28c0886a519a6502e2998ffe5f7c95a29d938bfc7e84d8c28a
HumanEval/160,passed,True,True,True,tc-humaneval-160-8ed6870d924f925c,a08aaeae991b7beace38e7f37092aae7d12c1d4adef0b0e9318393da1c46b9c9
HumanEval/161,passed,True,True,True,tc-humaneval-161-3e28a422ab0cb6da,a58911c25ba6892825a6a60512b4d10a112fb16909ef91bf73d53c7d5953d15c
HumanEval/162,passed,True,True,True,tc-humaneval-162-e6cb04c1f1294586,67e37d3424f3c8c941590523a1d163f5988e3c4f924d71759fbfad8bda074df5
HumanEval/163,passed,True,True,True,tc-humaneval-163-18f365bc1d2826d5,364afba4287faa4e1330cedcf840285fd2f6708a71ebefe46f8769f8ca572744
